tips,trip_seconds,trip_miles,pickup_community_area,dropoff_community_area,fare,tolls,extras,trip_total
0.00,885,3.45,,,12.75,0.00,4.00,16.75
0.00,8,0,,,3.25,0.00,0.00,3.25
3.35,960,4.9,,,15.75,0.00,1.00,20.10
0.00,420,1.5,,,7.50,0.00,0.00,7.50
1.00,420,0.5,,,6.00,0.00,1.00,8.00
0.00,180,0.4,,,4.25,0.00,1.50,5.75
0.00,360,1.7,,,6.80,0.00,0.00,6.80
0.00,300,0,,,5.80,0.00,0.00,5.80
0.00,60,0,,,100.00,0.00,0.00,100.00
5.00,840,0,,,11.25,0.00,0.00,16.25
0.00,780,4.5,,,14.25,0.00,0.00,14.25
0.00,1020,0.1,,,11.00,0.00,3.00,14.00
0.00,720,0,,,9.60,0.00,0.00,9.60
0.00,1680,3,,,14.50,0.00,1.00,15.50
0.00,780,0.4,,,7.75,0.00,1.00,8.75
0.00,0,0,,,3.25,0.00,0.00,3.25
3.00,600,0,8,32,9.00,0.00,1.00,13.00
0.00,1200,6.7,,,19.75,0.00,0.00,19.75
0.00,1260,0.6,77,28,29.50,0.00,0.00,29.50
1.00,120,0.3,32,32,4.00,0.00,1.00,6.00
2.00,360,0.8,8,8,5.75,0.00,1.50,9.25
0.00,0,0,3,,11.25,0.00,0.00,11.25
0.00,360,1,8,8,6.25,0.00,2.00,8.25
2.00,420,0.8,8,8,6.00,0.00,2.50,10.50
0.00,180,0.7,77,4,5.00,0.00,0.00,5.00
0.00,960,0.6,28,32,8.75,0.00,2.00,10.75
0.00,1020,0,28,32,9.00,0.00,1.00,10.00
0.00,300,0,32,28,6.25,0.00,0.00,6.25
0.00,540,1,32,8,7.25,0.00,2.00,9.25
0.00,120,0,33,33,4.50,0.00,0.00,4.50
2.00,180,0,8,8,4.50,0.00,0.00,6.50
0.00,1800,3.2,32,8,16.00,0.00,0.00,16.00
5.00,1560,14.3,76,8,38.00,0.00,3.00,46.00
2.00,360,0,8,8,5.75,0.00,1.00,8.75
2.05,960,0,32,32,9.25,0.00,1.00,12.30
0.00,300,0,8,8,5.25,0.00,1.50,6.75
0.00,360,0,8,8,5.50,0.00,1.00,6.50
0.00,420,0,7,8,9.25,0.00,0.00,9.25
0.00,1980,5.8,32,32,21.50,0.00,1.00,22.50
0.00,480,0,8,7,7.50,0.00,1.00,8.50
0.00,1800,12.5,76,4,34.50,0.00,4.00,38.50
0.00,480,0,24,28,8.00,0.00,1.00,9.00
0.00,480,0,8,8,6.00,0.00,0.00,6.00
0.00,360,0,8,8,6.25,0.00,0.00,6.25
0.00,420,0.9,32,8,6.50,0.00,1.00,7.50
0.00,720,2.4,32,33,10.25,0.00,0.00,10.25
0.00,480,0.7,32,32,6.25,0.00,1.00,7.25
0.00,360,1.4,6,7,6.75,0.00,1.00,7.75
0.00,660,0,20,19,10.75,0.00,0.00,10.75
2.00,420,3.2,8,6,11.00,0.00,0.00,13.00
2.00,240,0,8,8,5.25,0.00,1.00,8.25
0.00,6600,0,56,,124.50,0.00,7.00,131.50
3.00,540,0.1,8,8,8.25,0.00,1.00,12.25
0.00,420,0,8,8,6.00,0.00,2.00,8.00
0.00,180,0.6,8,8,4.75,0.00,0.00,4.75
0.00,600,2.6,22,6,10.00,0.00,1.00,11.00
0.00,1020,1.5,32,32,10.25,0.00,1.50,11.75
0.00,420,0.8,8,8,6.00,0.00,1.00,7.00
0.00,720,2.5,7,6,9.75,0.00,1.00,10.75
0.00,420,0,6,6,7.25,0.00,1.00,8.25
0.00,660,0.1,7,8,10.25,0.00,1.00,11.25
0.00,840,5.6,3,8,16.50,0.00,0.00,16.50
0.00,540,0,8,7,7.50,0.00,1.00,8.50
0.00,0,0,37,37,3.25,0.00,0.00,3.25
0.00,1500,0.7,76,2,32.50,0.00,5.00,37.50
0.00,1020,3.7,8,28,13.75,0.00,1.00,14.75
2.10,840,1.8,32,8,9.50,0.00,1.00,12.60
0.00,900,1.5,32,8,9.50,0.00,0.00,9.50
0.00,480,0,8,24,6.75,0.00,1.00,7.75
0.00,540,3.5,6,8,11.75,0.00,1.00,12.75
0.00,2040,3.3,32,32,17.25,0.00,2.00,19.25
0.00,480,0,8,8,6.25,0.00,1.00,7.25
0.00,600,1.5,8,8,8.00,0.00,0.00,8.00
0.00,420,0,32,8,6.25,0.00,1.00,7.25
0.00,420,2.9,8,8,10.00,0.00,4.00,14.00
8.90,1200,16.4,76,28,40.50,0.00,4.00,53.40
4.00,720,1.2,32,8,8.00,0.00,0.00,12.00
0.00,300,0,77,1,5.25,0.00,1.00,6.25
0.00,660,0.3,32,6,16.25,0.00,0.00,16.25
0.00,240,0.6,8,8,5.00,0.00,1.00,6.00
0.00,480,2.3,56,57,9.25,0.00,5.50,14.75
6.60,2220,11.2,28,1,33.00,0.00,0.00,39.60
0.00,600,0,1,2,9.50,0.00,1.00,10.50
0.00,0,0,76,76,3.25,0.00,0.00,3.25
0.00,780,2.3,8,24,10.75,0.00,1.00,11.75
4.00,540,0,8,8,7.75,0.00,2.00,13.75
0.00,780,6.6,32,39,18.25,0.00,0.00,18.25
0.00,840,9.3,28,69,20.00,0.00,0.00,20.00
2.55,1140,0.1,8,28,11.75,0.00,1.00,15.30
0.00,180,0.1,8,8,4.25,0.00,0.00,4.25
2.00,720,0,32,8,9.25,0.00,0.00,11.25
0.00,720,0.1,8,8,8.50,0.00,0.00,8.50
0.00,840,0.2,8,6,11.75,0.00,0.00,11.75
0.00,240,0.7,8,8,5.00,0.00,1.00,6.00
2.00,480,1.7,32,28,7.75,0.00,0.00,9.75
2.00,840,0,8,32,8.50,0.00,1.00,11.50
0.00,1560,0,8,32,16.00,0.00,1.00,17.00
0.00,240,0.4,8,8,4.50,0.00,1.00,5.50
0.00,1020,0,3,22,35.00,0.00,0.00,35.00
4.00,1320,7.2,8,60,20.75,0.00,0.00,24.75
0.00,240,0,8,8,5.25,0.00,1.50,6.75
3.05,720,0.3,8,6,15.25,0.00,0.00,18.30
0.00,240,0,8,8,5.00,0.00,0.00,5.00
0.00,0,0,76,,36.00,0.00,6.00,42.00
0.00,840,1.7,32,8,9.75,0.00,0.00,9.75
0.00,180,0,8,8,4.75,0.00,2.00,6.75
0.00,360,0,8,8,5.75,0.00,0.00,5.75
2.35,900,0.1,7,8,11.75,0.00,0.00,14.10
2.85,900,3.8,32,7,13.25,0.00,1.00,17.10
5.00,600,2.1,8,7,8.75,0.00,0.00,13.75
0.00,1680,0,8,32,16.00,0.00,0.00,16.00
0.00,360,0,8,8,5.50,0.00,0.00,5.50
0.00,480,0,25,32,18.50,0.00,0.00,18.50
0.00,600,0.8,32,32,6.75,0.00,0.00,6.75
0.00,180,0.5,8,32,4.50,0.00,1.00,5.50
0.00,300,1,14,14,5.75,0.00,1.00,6.75
0.00,2580,2.9,32,8,19.25,0.00,0.00,19.25
0.00,1020,2.6,32,8,11.50,0.00,1.00,12.50
8.00,1920,16.2,56,41,41.00,0.00,4.00,53.00
0.00,840,0.7,8,8,8.00,0.00,1.00,9.00
0.00,660,0,32,8,8.25,0.00,0.00,8.25
0.00,300,0.9,32,32,5.75,0.00,1.00,6.75
2.00,540,1.2,8,32,7.25,0.00,1.00,10.25
0.00,480,1.1,8,8,7.00,0.00,2.00,9.00
0.00,120,0.2,8,8,4.00,0.00,1.00,5.00
0.00,2280,3.7,32,8,19.00,0.00,0.00,19.00
0.00,1020,0,24,23,12.00,0.00,1.00,13.00
0.00,420,0.8,8,8,5.75,0.00,1.00,6.75
0.00,1500,0,32,32,12.25,0.00,0.00,12.25
1.00,840,2.1,8,8,9.25,0.00,1.00,11.25
0.00,420,0.7,8,8,6.00,0.00,1.00,7.00
0.00,1500,11.7,68,,31.50,0.00,0.00,31.50
0.00,600,1.6,8,32,8.50,0.00,1.50,10.00
0.00,0,0,8,8,3.25,0.00,0.00,3.25
0.00,180,0.3,8,8,4.25,0.00,1.50,5.75
0.00,540,0,8,8,4.75,0.00,0.00,4.75
0.00,720,0,8,8,8.50,0.00,2.00,10.50
0.00,2520,3.9,8,28,19.00,0.00,1.00,20.00
4.00,360,0,8,8,6.25,0.00,1.50,11.75
0.00,840,4,8,6,14.00,0.00,1.00,15.00
0.00,1800,19.3,76,,48.25,0.00,6.50,54.75
0.00,300,0.5,8,8,5.00,0.00,2.00,7.00
0.00,1920,0,76,56,69.50,0.00,7.00,76.50
4.00,720,1.9,8,8,8.00,0.00,0.00,12.00
0.00,660,0,6,3,9.25,0.00,0.00,9.25
0.00,900,5.6,8,6,17.25,0.00,0.00,17.25
0.00,300,0,8,8,5.25,0.00,1.00,6.25
0.00,360,0,32,32,5.25,0.00,0.00,5.25
0.00,540,2.1,8,24,9.00,0.00,1.00,10.00
0.00,1140,0.2,8,24,13.25,0.00,0.00,13.25
0.00,900,0,32,32,8.50,0.00,1.00,9.50
0.00,780,2.4,32,8,10.50,0.00,1.00,11.50
0.00,0,0,8,8,3.25,0.00,6.75,10.00
0.00,720,0.6,,,7.75,0.00,0.00,7.75
5.20,1045,9.17,,,24.50,0.00,1.00,31.20
0.00,465,4.7,,,13.75,0.00,0.00,13.75
0.00,3559,13.1,,,41.50,0.00,0.00,41.50
0.00,900,5.8,,,17.25,0.00,0.00,17.25
0.00,480,1.5,,,8.00,0.00,1.00,9.50
0.00,1500,9.8,,,26.50,0.00,4.00,30.50
4.00,1332,1.13,,,11.25,0.00,0.00,15.75
0.00,840,1.6,,,9.25,0.00,1.00,10.25
0.00,651,0.4,,,7.00,,0.00,7.00
0.00,664,1.11,8,8,7.75,0.00,1.00,8.75
0.00,2207,2.78,8,32,17.25,0.00,1.00,18.25
0.00,85,0.26,8,8,3.75,0.00,1.00,4.75
3.52,2208,5.56,8,33,22.00,0.00,1.00,27.02
0.00,361,1.49,3,77,7.25,0.00,0.00,7.25
5.30,1452,9.11,8,1,26.00,0.00,0.00,31.80
0.00,960,3.2,8,7,11.75,0.00,0.00,11.75
0.00,902,0.86,32,8,8.50,0.00,1.00,9.50
0.00,379,2.84,7,6,9.75,0.00,1.00,10.75
0.00,1492,3.88,7,32,16.00,0.00,1.50,17.50
0.00,152,0.4,8,8,4.25,0.00,1.00,5.25
0.00,1511,5.9,33,8,19.25,0.00,1.00,20.25
0.00,918,1.24,8,8,8.75,0.00,1.00,9.75
0.00,1200,4.7,7,4,15.50,0.00,2.00,17.50
0.00,1407,6.54,6,32,20.25,0.00,1.00,21.25
0.00,189,0.29,8,8,4.25,0.00,1.00,5.25
2.00,300,0.8,28,28,5.75,0.00,0.50,8.75
0.00,296,1.33,28,28,6.25,0.00,0.00,6.25
0.00,92,0.2,28,28,3.75,0.00,0.00,3.75
3.70,1620,3.6,8,6,16.50,0.00,2.00,22.70
0.00,501,1.7,28,32,7.75,0.00,1.00,8.75
0.00,311,0.56,8,8,5.25,0.00,2.00,7.25
0.00,600,3.3,56,56,11.50,0.00,5.00,16.50
32.19,2685,32.24,8,,77.75,0.00,50.50,160.94
0.00,1890,6.77,7,34,21.50,0.00,1.00,22.50
0.98,301,0.63,28,32,5.50,0.00,1.00,7.48
0.00,1862,6.6,8,33,22.50,0.00,0.00,22.50
2.00,720,2.4,8,24,9.75,0.00,0.00,12.25
0.00,300,0.9,8,8,5.75,0.00,1.00,6.75
0.00,449,1.61,3,6,7.75,0.00,1.00,8.75
0.00,996,5.04,7,32,15.75,0.00,0.00,15.75
0.00,247,0.63,8,8,4.75,0.00,0.00,4.75
11.94,1502,17.1,76,8,43.25,0.00,4.00,59.69
0.00,540,3.3,8,7,11.25,0.00,1.00,12.25
0.00,491,1.91,8,8,8.25,0.00,0.00,8.25
0.00,631,2.02,24,8,9.25,0.00,1.00,10.25
0.00,1057,0,8,8,170.01,0.00,0.00,170.01
0.00,180,0.1,77,6,4.00,0.00,0.00,4.00
0.00,652,4.26,8,22,13.75,0.00,0.00,13.75
0.00,507,0.91,32,28,6.50,0.00,1.00,7.50
0.00,840,0.9,8,8,8.50,0.00,1.00,9.50
0.00,728,0.67,8,8,7.75,0.00,1.50,9.25
0.00,1920,10.2,8,38,30.25,0.00,0.00,30.25
0.00,597,1.1,24,24,7.75,0.00,0.00,7.75
0.00,1080,6.8,32,6,19.75,0.00,1.00,20.75
0.00,540,1.2,3,8,7.50,0.00,1.00,8.50
0.00,180,0.5,8,8,4.75,0.00,1.50,6.25
0.00,300,1.27,7,7,6.00,0.00,1.00,7.00
2.00,754,2.28,7,8,9.75,0.00,1.00,13.25
1.00,156,0.46,7,7,4.25,0.00,1.00,6.75
2.00,529,2.9,7,8,10.50,0.00,1.00,14.00
3.00,1150,5.99,8,31,18.50,0.00,1.00,23.00
0.00,420,1.1,8,8,6.75,0.00,0.00,7.25
0.00,422,1.64,33,32,7.50,0.00,1.00,8.50
0.00,240,0.5,28,24,5.00,0.00,1.00,6.00
2.00,576,2.23,8,7,9.00,0.00,1.00,12.50
0.00,891,2.53,8,24,10.75,0.00,0.00,10.75
0.00,274,0.95,22,21,5.50,0.00,0.00,5.50
2.00,900,1.7,8,32,9.25,0.00,1.50,13.25
0.00,141,0.24,6,6,3.75,0.00,1.00,4.75
0.00,270,0.36,8,8,4.50,0.00,0.00,4.50
0.00,320,0.75,8,8,5.50,0.00,1.00,6.50
2.00,669,2.73,8,7,10.00,0.00,1.00,13.50
0.00,1796,14.3,76,77,36.50,0.00,4.00,40.50
0.00,660,3.8,8,28,12.75,0.00,1.00,13.75
0.00,831,2.56,22,23,9.50,0.00,0.00,9.50
0.00,356,1.6,7,8,7.00,0.00,1.00,8.00
0.00,1086,2.6,7,8,11.75,0.00,2.00,13.75
0.00,39751,2.91,3,3,13.25,0.00,0.00,13.25
1.00,1205,2.55,32,8,12.00,0.00,0.00,13.50
0.00,418,0.3,6,6,5.50,0.00,0.00,5.50
0.00,4319,4.05,8,33,29.50,0.00,3.00,32.50
0.00,176,0.03,8,8,4.00,0.00,1.00,5.00
0.00,893,3.13,7,24,11.75,0.00,0.00,11.75
0.00,2340,3.5,32,8,19.75,0.00,0.00,19.75
0.00,262,1.35,24,24,6.50,0.00,0.00,6.50
0.00,2459,16.7,32,49,46.50,0.00,0.00,46.50
0.00,262,0.03,8,8,4.50,0.00,0.00,4.50
2.00,329,1,32,24,6.00,0.00,1.00,9.50
0.00,225,0.4,7,6,4.75,0.00,0.00,4.75
0.00,389,1.3,8,8,6.50,0.00,0.00,6.50
0.00,300,0.6,32,32,5.25,0.00,0.00,5.25
1.00,240,0.4,8,8,4.75,0.00,1.50,7.75
0.00,2757,4.62,34,8,23.00,0.00,1.00,24.00
1.00,265,0.59,32,32,5.00,0.00,0.00,6.00
2.00,420,1.3,2,8,6.75,0.00,1.50,10.75
2.00,473,1.22,8,8,6.75,0.00,1.00,10.25
0.00,180,0.5,8,8,4.75,0.00,1.00,6.25
0.00,318,1.32,2,2,6.25,0.00,1.00,7.25
9.15,545,0.86,8,8,30.00,0.00,0.00,39.65
2.00,444,3.01,6,7,10.25,0.00,0.00,12.75
0.00,1680,1.7,8,8,13.75,0.00,1.00,14.75
2.00,754,0.9,8,8,7.75,0.00,1.00,11.25
0.00,360,1.2,8,7,6.25,0.00,1.00,7.75
0.00,1560,11.1,22,70,29.50,0.00,1.00,30.50
0.00,2261,12,8,57,35.25,0.00,1.00,36.25
0.00,1127,5.59,6,22,17.25,0.00,1.50,18.75
0.00,480,3.7,6,8,12.00,0.00,2.00,14.00
0.00,540,3.2,3,1,10.75,0.00,2.00,12.75
0.00,420,0.9,6,6,6.50,0.00,0.00,6.50
0.00,1145,9.53,24,63,25.50,0.00,0.00,25.50
2.60,811,3.66,32,28,12.50,0.00,0.00,15.60
0.00,180,0.9,22,8,5.25,0.00,0.00,5.25
0.00,197,0.41,8,8,4.25,0.00,0.00,4.25
0.00,1151,8.77,8,1,23.75,0.00,0.00,23.75
2.00,473,2.6,8,24,9.50,0.00,0.00,12.00
0.00,1020,4.6,8,8,15.00,0.00,0.00,15.00
4.00,518,1.09,8,8,6.75,0.00,1.00,12.25
2.00,273,1,6,6,5.75,0.00,2.00,10.25
0.00,529,0.8,8,8,6.25,0.00,2.00,8.25
0.00,230,1,32,28,5.50,0.00,0.00,5.50
0.00,771,1.3,8,8,8.25,0.00,1.50,9.75
0.00,780,2.4,33,28,11.00,0.00,0.00,11.00
2.00,772,1.67,8,28,9.00,0.00,2.00,13.50
0.00,2520,15.8,8,8,41.75,0.00,0.00,42.25
0.00,1714,3.9,8,32,17.50,0.00,1.50,19.00
0.00,1140,3.3,7,32,14.00,0.00,1.00,15.00
0.00,402,0.62,32,32,5.75,0.00,0.00,5.75
0.00,192,0.57,28,28,4.50,0.00,0.00,4.50
0.00,373,1.05,7,7,6.25,0.00,0.00,6.25
5.00,3420,6.1,8,33,28.00,0.00,1.00,34.50
0.00,502,2.01,8,7,8.50,0.00,1.00,9.50
0.00,360,1.8,8,24,7.50,0.00,0.00,8.00
2.00,104,0.29,32,32,4.00,0.00,2.50,9.00
0.00,395,1.45,32,28,7.00,0.00,0.00,7.00
2.00,1015,0.63,8,8,9.25,0.00,1.00,12.75
0.00,900,3.6,8,24,12.25,0.00,1.00,13.25
0.00,705,3.43,8,24,12.25,0.00,1.00,13.25
0.00,694,0,8,8,7.00,0.00,0.00,7.00
0.00,378,0.8,8,8,5.75,0.00,3.00,8.75
9.50,1146,3.34,32,8,13.00,0.00,2.50,25.50
3.10,1142,4.13,6,24,14.00,0.00,1.00,18.60
2.00,812,6.93,32,3,19.00,0.00,0.00,21.50
0.00,9,0,8,8,3.25,,0.00,3.25
0.00,599,2,8,8,9.00,,1.00,10.00
2.00,556,1.1,28,32,7.25,,1.50,10.75
0.00,613,2.9,7,28,10.75,,1.00,11.75
0.00,466,2.8,6,8,9.75,,0.00,9.75
0.00,571,3.1,33,38,10.75,,0.00,10.75
0.00,1494,4.2,8,28,16.50,,0.00,16.50
3.13,707,3.5,8,22,12.50,,0.00,15.63
4.44,967,5.3,28,6,16.75,,1.00,22.19
0.00,678,5.1,6,2,15.00,,0.00,15.00
3.00,278,0.9,8,8,5.75,,1.00,9.75
0.00,402,0.3,32,32,5.50,,0.00,5.50
0.00,1799,7.8,24,24,24.00,,0.00,24.00
0.00,341,0.7,8,8,5.75,,1.00,6.75
0.00,757,4.4,6,1,14.25,,1.00,15.25
0.00,885,7.6,8,4,20.75,,0.00,20.75
0.00,637,0.9,8,8,7.25,,1.00,8.25
0.00,206,0.2,24,24,4.50,,0.00,4.50
0.00,132,0.5,8,7,4.75,,0.00,4.75
0.00,1602,19.4,76,33,47.50,,4.00,51.50
2.00,254,0.7,28,24,5.25,,1.00,8.25
0.00,703,4.4,6,8,14.25,,1.00,15.25
0.00,260,0.6,8,8,5.00,,0.00,5.00
2.05,734,2.1,8,8,9.25,,1.00,12.30
0.00,540,0,,,6.75,0.00,0.00,6.75
0.00,1020,0,,,18.60,0.00,0.00,18.60
0.00,0,0,,,47.00,0.00,0.00,47.00
0.00,900,6.3,28,37,18.25,0.00,0.00,18.25
0.00,480,0,24,22,8.50,0.00,2.00,10.50
0.00,1080,0,,,14.50,0.00,0.00,14.50
3.00,480,1.7,,,7.75,0.00,0.00,10.75
0.00,840,0,,,8.75,0.00,0.00,8.75
2.30,540,2.5,,,9.50,0.00,2.00,13.80
4.40,1260,5.5,,,17.75,0.00,0.00,22.15
9.45,1320,17.3,,8,43.25,0.00,4.00,56.70
0.00,240,0,,,4.40,0.00,1.00,5.40
0.00,60,0,,,100.00,0.00,0.00,100.00
2.65,600,3.1,6,24,10.75,0.00,0.00,13.40
0.00,180,0.2,32,32,4.00,0.00,1.50,5.50
2.00,240,0,8,8,4.75,0.00,1.00,7.75
0.00,180,0.9,7,6,5.25,0.00,1.00,6.25
9.20,2820,16.4,41,41,46.00,0.00,0.00,55.20
0.00,1260,4.6,8,34,14.25,0.00,0.00,14.25
0.00,360,0,8,8,6.00,0.00,2.50,8.50
0.00,600,0.1,8,8,7.75,0.00,1.00,8.75
3.00,300,0,7,6,6.75,0.00,1.00,10.75
2.80,900,0.2,8,7,13.00,0.00,1.00,16.80
0.00,1200,0.3,15,4,16.75,0.00,1.00,17.75
0.00,120,0.6,32,32,4.50,0.00,1.00,5.50
0.00,420,0,8,8,6.25,0.00,1.00,7.25
1.00,2520,0,28,8,26.75,0.00,0.00,27.75
1.00,420,0,32,32,6.75,0.00,0.00,7.75
4.25,1680,0,8,8,13.25,0.00,1.00,18.50
0.00,240,0,8,8,4.75,0.00,1.50,6.25
0.00,1920,0,32,8,22.00,0.00,0.00,22.00
4.00,180,0,8,8,4.50,0.00,1.00,9.50
2.00,360,0,8,8,5.75,0.00,1.50,9.25
0.00,840,6.9,35,43,19.25,0.00,0.00,19.25
2.00,540,0,8,8,7.00,0.00,1.00,10.00
2.15,720,2.2,28,24,9.75,0.00,1.00,12.90
0.00,720,0,32,32,7.25,0.00,1.00,8.25
0.00,1080,4.9,8,6,15.75,0.00,2.00,17.75
3.10,900,3.7,24,5,12.50,0.00,0.00,15.60
0.00,900,0.1,28,8,10.25,0.00,1.00,11.25
0.00,480,0,8,24,8.00,0.00,0.00,8.00
9.30,1500,16.9,76,8,42.50,0.00,4.00,55.80
0.00,420,0,32,32,6.50,0.00,1.50,8.00
0.00,720,0,8,8,8.25,0.00,2.00,10.25
0.00,480,2.1,8,8,8.75,0.00,0.00,8.75
0.00,480,0,35,32,10.00,0.00,0.00,10.00
3.30,660,0.2,28,24,11.00,0.00,0.00,14.30
2.00,840,0,8,8,8.00,0.00,1.00,11.00
0.00,480,1.8,7,6,8.00,0.00,0.00,8.00
0.00,240,0,8,8,5.00,0.00,1.50,6.50
0.00,1140,4.6,8,6,16.00,0.00,1.00,17.00
0.00,840,0.5,8,8,8.25,0.00,1.00,9.25
0.00,420,0,8,8,6.00,0.00,0.00,6.00
0.00,240,0,8,8,4.75,0.00,1.50,6.25
0.00,240,0.8,7,7,5.50,0.00,1.50,7.00
2.60,960,3.4,8,7,13.00,0.00,0.00,15.60
0.00,180,0.6,8,8,4.75,0.00,0.00,4.75
0.00,240,0.6,3,3,5.00,0.00,0.00,5.00
0.00,2280,17.6,76,8,46.75,0.00,4.00,50.75
0.00,360,0.9,8,8,6.00,0.00,2.00,8.00
0.00,1440,2.6,16,17,18.50,0.00,0.00,18.50
3.00,360,1,8,7,6.25,0.00,1.00,10.25
2.00,1140,6.6,32,6,19.50,0.00,0.00,21.50
0.00,300,0.8,8,8,5.50,0.00,1.00,6.50
2.00,300,1.1,32,28,5.75,0.00,0.00,7.75
0.00,540,0,8,8,6.50,0.00,2.00,8.50
0.00,1740,3.2,6,8,16.25,0.00,1.50,17.75
2.05,480,0.1,28,24,9.25,0.00,1.00,12.30
0.00,900,4.4,8,32,14.25,0.00,0.00,14.25
1.00,420,0.9,8,8,6.25,0.00,2.00,9.25
0.00,300,0.6,8,8,5.00,0.00,1.00,6.00
0.00,840,0.2,6,8,14.25,0.00,0.00,14.25
4.05,780,0,28,16,20.25,0.00,0.00,24.30
3.15,600,4.9,8,3,14.75,0.00,1.00,18.90
0.00,840,1.9,8,24,9.75,0.00,3.00,12.75
2.00,240,0,8,8,5.50,0.00,1.00,8.50
0.00,1140,4.7,77,6,16.25,0.00,1.00,17.25
0.00,480,0,28,28,8.50,0.00,0.00,8.50
5.55,840,4.9,8,22,15.50,0.00,0.00,21.05
0.00,780,0,8,1,21.00,0.00,0.00,21.00
0.00,900,4.5,32,6,14.75,0.00,0.00,14.75
0.00,780,0,28,32,10.25,0.00,1.00,11.25
3.00,900,4.1,6,8,14.00,0.00,1.00,18.00
2.95,1680,0,32,8,14.75,0.00,0.00,17.70
2.00,480,1.3,6,3,7.00,0.00,0.00,9.00
0.00,360,1,3,6,6.25,0.00,0.00,6.25
3.15,1080,4.3,8,7,13.75,0.00,2.00,18.90
0.00,420,0,24,24,8.25,0.00,1.50,9.75
0.00,360,0,8,8,5.75,0.00,0.00,5.75
0.00,360,0,8,8,6.50,0.00,1.00,7.50
0.00,960,0,8,6,15.25,0.00,1.00,16.25
4.30,840,0,8,33,16.25,0.00,1.00,21.55
0.00,300,0,8,24,5.75,0.00,1.00,6.75
0.00,2400,0,76,,67.75,0.00,41.00,108.75
4.50,1200,7.2,77,8,21.50,0.00,1.00,27.00
0.00,1380,7.9,28,3,23.75,0.00,0.00,23.75
2.00,840,1.1,8,28,8.50,0.00,1.00,11.50
0.00,1560,2.3,32,8,13.50,0.00,1.00,14.50
3.80,840,0,8,6,15.25,0.00,0.00,19.05
0.00,540,1.4,8,8,7.25,0.00,2.00,9.25
1.50,300,0.4,8,8,5.25,0.00,0.00,6.75
4.00,420,0.7,8,32,6.25,0.00,1.00,11.25
0.00,660,0.5,8,8,7.25,0.00,1.00,8.25
0.00,480,0,8,8,5.75,0.00,0.00,5.75
2.00,780,0.3,8,8,7.75,0.00,1.00,10.75
0.00,1680,3.7,8,32,16.00,0.00,1.00,17.00
0.75,900,1.5,8,8,9.75,0.00,1.00,11.50
2.05,540,0,8,8,6.75,0.00,3.50,12.30
0.00,0,0,2,2,3.25,0.00,1.00,4.25
0.00,420,4.2,11,22,12.75,0.00,0.00,12.75
0.00,1140,0.7,76,16,30.00,0.00,5.00,35.00
2.00,780,0,8,8,7.75,0.00,1.50,11.25
0.00,1140,2.8,8,32,13.00,0.00,0.00,13.00
3.95,1200,0,32,6,17.75,0.00,2.00,23.70
0.00,240,0.4,8,8,4.75,0.00,1.00,5.75
0.00,720,1.1,28,28,8.00,0.00,1.00,9.00
0.00,1020,0,28,8,10.00,0.00,0.00,10.00
0.00,960,0.2,7,32,14.00,0.00,1.00,15.00
0.00,480,0,8,28,6.75,0.00,2.00,8.75
0.00,300,0,21,21,7.25,0.00,0.00,7.25
0.00,960,0.4,6,33,20.50,0.00,0.00,20.50
0.00,540,2.8,8,7,10.25,0.00,0.00,10.25
0.00,120,0,8,8,4.00,0.00,0.00,4.00
0.00,780,0,33,69,20.50,0.00,0.00,20.50
0.00,240,0,8,8,4.50,0.00,1.00,5.50
2.00,540,2.2,7,5,9.25,0.00,0.00,11.25
0.00,1380,12.7,76,6,33.00,0.00,5.00,38.00
0.00,120,0.3,8,8,4.25,0.00,1.00,5.25
0.00,2160,0,8,32,16.50,0.00,1.00,17.50
0.00,360,2.2,16,14,8.25,0.00,0.00,8.25
3.40,1020,0,8,7,11.75,0.00,2.00,17.15
0.00,1440,7,6,28,21.50,0.00,0.00,21.50
3.50,720,0.2,28,22,14.00,0.00,0.00,17.50
2.00,1020,3.7,24,7,13.50,0.00,0.00,15.50
12.10,1560,17.4,76,8,44.50,0.00,4.00,60.60
0.00,2700,1.3,56,4,55.25,0.00,4.00,59.25
0.00,2040,9.2,77,32,28.50,0.00,1.50,30.00
0.00,540,0,8,33,9.75,0.00,1.00,10.75
0.00,3360,20,76,32,56.75,0.00,4.00,60.75
0.00,480,1.3,8,28,7.00,0.00,2.00,9.00
0.00,1858,4.48,,,18.50,0.00,0.00,18.50
0.00,1800,2.4,,,16.50,0.00,1.00,17.50
0.00,505,2.8,,,9.75,0.00,1.00,10.75
1.00,771,1,,32,8.00,0.00,0.00,9.50
1.25,300,0.7,,,6.00,0.00,1.00,8.75
4.44,1080,5.4,,,17.25,0.00,0.00,22.19
3.19,1012,2.96,,,11.25,0.00,1.00,15.94
3.87,1680,1.7,,,13.50,0.00,2.00,19.87
0.00,1036,9.3,,,25.00,0.00,1.00,26.00
2.00,474,0.61,,,5.75,0.00,1.00,9.25
0.00,360,1,,,6.50,0.00,0.00,6.50
0.00,300,0.6,,,5.50,0.00,0.00,5.50
0.00,3300,8.9,,,24.00,0.00,2.00,26.00
0.00,991,1.7,,,10.25,0.00,1.00,11.25
3.05,1290,3.35,,,14.25,0.00,1.00,18.30
0.00,755,1.73,,,8.75,0.00,2.00,10.75
0.00,1543,1.5,,,12.25,0.00,1.00,13.25
0.00,240,0.5,,,5.00,0.00,3.00,8.00
0.00,5,0,,,40.00,0.00,0.00,40.00
5.00,436,1.4,,,7.00,,0.00,12.00
3.00,612,0.18,32,32,6.50,0.00,1.00,11.00
0.00,121,0.47,8,8,4.25,0.00,0.00,4.25
2.80,1320,2.5,8,32,12.50,0.00,1.00,16.80
7.50,1707,12.11,8,,32.25,0.00,2.50,42.75
0.00,540,2.18,7,6,8.75,0.00,1.00,9.75
0.00,333,0.3,8,8,4.75,0.00,1.00,5.75
0.00,825,5.8,3,7,17.00,0.00,0.00,17.00
0.00,510,1.04,28,32,6.75,0.00,1.00,7.75
0.00,1151,1.23,8,8,10.50,0.00,0.00,10.50
0.00,329,0.35,8,8,5.25,0.00,1.50,6.75
2.00,938,2.4,8,7,10.75,0.00,0.00,13.25
0.00,946,0.08,32,32,8.00,0.00,1.00,9.00
3.00,264,0.68,6,6,5.25,0.00,1.00,9.75
2.00,17,0.01,8,8,3.25,0.00,6.00,11.75
0.00,499,0.84,8,8,6.50,0.00,2.00,8.50
4.00,360,1.3,28,32,6.75,0.00,1.00,12.25
1.00,1465,8.88,33,25,25.75,0.00,1.00,28.25
1.25,489,0.54,8,8,6.25,0.00,0.00,7.50
3.00,465,1.2,8,8,6.75,0.00,1.00,11.25
0.00,476,1.04,28,8,6.75,0.00,1.00,7.75
0.00,520,1.2,8,8,7.00,0.00,1.50,8.50
0.00,1298,4.7,24,20,16.25,0.00,0.00,16.25
2.00,591,1.78,7,6,8.00,0.00,1.00,11.50
0.00,400,0.62,8,8,5.75,0.00,1.00,6.75
0.00,289,0.76,8,8,5.25,0.00,3.00,8.25
0.00,632,0.83,32,8,6.50,0.00,3.00,9.50
0.00,1514,10.25,77,33,28.50,0.00,0.00,28.50
2.00,288,1.23,6,6,6.25,0.00,0.00,8.75
2.00,240,0.5,8,7,4.75,0.00,2.00,9.25
4.60,1483,6.48,8,38,21.50,0.00,1.00,27.60
0.00,1448,6.55,6,19,19.50,0.00,2.00,21.50
2.00,1418,6.42,8,33,20.25,0.00,1.50,24.25
2.00,240,0.5,32,28,4.75,0.00,1.00,8.25
0.00,1294,7.86,7,2,22.25,0.00,2.00,24.25
0.00,480,1.85,6,7,8.00,0.00,1.00,9.00
2.00,463,1.5,28,32,7.50,0.00,3.50,13.50
0.00,210,0.45,8,8,4.50,0.00,1.00,5.50
0.00,250,1.04,6,6,5.75,0.00,0.00,5.75
0.00,957,1.83,8,28,10.00,0.00,1.00,11.00
0.00,112,0.56,6,6,4.50,0.00,0.00,4.50
0.00,756,3.2,28,33,11.50,0.00,1.00,12.50
3.45,838,5.55,77,7,16.75,0.00,0.00,20.70
0.00,1708,17,76,,41.75,0.00,5.00,46.75
0.00,1250,6.2,3,,18.75,0.00,1.00,19.75
3.40,844,4.7,7,8,15.50,0.00,1.00,20.40
3.00,600,0.9,8,8,7.00,0.00,0.00,10.50
0.00,545,2.36,58,59,9.00,0.00,1.00,10.00
0.00,1535,7.9,6,34,22.75,0.00,1.00,23.75
5.78,1473,6.2,8,6,18.75,0.00,0.00,25.03
0.00,284,0.7,7,7,4.75,0.00,0.00,4.75
0.00,806,2.05,28,8,9.75,0.00,1.50,11.25
0.00,1080,1.7,8,8,10.50,0.00,1.00,11.50
0.00,1649,4.47,32,7,16.75,0.00,1.00,17.75
3.00,291,0.4,6,6,5.00,0.00,2.50,11.00
2.00,632,2.42,28,24,9.75,0.00,0.00,12.25
4.00,581,0.41,8,8,6.50,0.00,2.00,13.00
0.00,912,3.58,7,24,12.50,0.00,0.00,12.50
1.91,450,3.94,8,22,12.25,0.00,0.00,14.66
0.00,288,0.5,8,8,4.75,0.00,2.00,6.75
0.00,429,1.5,32,28,7.25,0.00,1.00,8.25
3.00,657,0.7,8,8,7.25,0.00,1.00,11.75
0.00,900,4.5,8,7,14.50,0.00,2.50,17.00
0.00,575,3.69,28,22,12.00,0.00,1.00,13.00
0.00,300,1,24,8,6.00,0.00,2.00,8.00
0.00,1806,9.04,32,3,26.25,0.00,1.50,27.75
0.00,720,4.1,8,76,13.50,0.00,0.00,13.50
2.00,699,2.01,8,8,8.50,0.00,1.00,12.00
0.00,540,1.5,24,28,7.50,0.00,1.00,8.50
0.00,1401,0.3,8,8,10.75,0.00,2.00,12.75
0.00,1807,6.4,3,8,22.50,0.00,0.00,22.50
0.00,147,0.55,8,8,4.50,0.00,1.00,5.50
4.45,3149,1.99,8,32,16.25,0.00,5.50,26.70
0.00,320,1.45,28,24,6.50,0.00,1.00,7.50
2.00,661,3.06,3,1,11.25,0.00,0.00,13.75
0.00,600,4.8,8,8,14.50,0.00,1.00,16.00
2.00,300,0.6,8,8,5.00,0.00,1.00,8.50
2.00,184,0.61,6,6,4.50,0.00,0.00,7.00
2.18,1556,1.65,8,8,13.00,0.00,1.00,16.68
4.45,1611,4.72,32,7,16.75,0.00,5.00,26.70
2.02,1089,2.71,32,24,12.00,0.00,1.00,15.52
0.00,522,1.5,6,7,7.50,0.00,1.50,9.00
0.00,1446,3.46,8,33,14.75,0.00,1.00,15.75
0.00,501,0.6,8,8,5.75,0.00,1.00,6.75
2.00,1193,1.15,8,32,10.00,0.00,1.00,13.50
0.00,969,1.74,7,8,10.00,0.00,2.00,12.00
0.00,627,3,8,6,11.00,0.00,0.00,11.00
0.00,860,5.2,8,3,16.00,0.00,0.00,16.00
5.00,540,1.7,8,7,8.00,0.00,0.00,13.50
0.00,1020,1.7,7,7,10.25,0.00,2.50,12.75
2.00,420,0.7,8,8,6.00,0.00,1.00,9.50
0.00,1211,3.21,8,32,14.00,0.00,1.00,15.00
0.00,670,3.72,6,8,12.25,0.00,0.00,12.25
0.00,161,0.28,8,8,4.25,0.00,0.00,4.25
0.00,327,1.23,28,28,6.25,0.00,2.00,8.25
0.00,720,2.5,8,32,10.25,0.00,1.00,11.25
0.00,420,1,28,28,6.75,0.00,0.00,6.75
0.00,679,3.01,6,6,10.75,0.00,0.00,10.75
0.00,635,2.7,32,31,10.00,0.00,1.00,11.00
0.00,780,3.6,6,77,12.75,0.00,0.00,12.75
0.00,300,0.8,8,8,5.50,0.00,0.00,5.50
0.00,910,4.99,8,22,15.75,0.00,1.00,17.25
0.00,877,2.6,8,28,10.50,0.00,1.00,11.50
0.00,8,0.04,34,35,3.25,0.00,0.00,3.25
1.00,599,2.4,8,7,9.25,0.00,0.00,10.75
0.00,1525,5.28,24,19,17.75,0.00,0.00,17.75
0.00,1309,4.26,6,8,16.50,0.00,2.00,18.50
0.00,120,0.6,28,28,4.75,0.00,1.00,5.75
0.00,720,0.6,8,8,7.25,0.00,1.00,8.75
2.00,494,1.15,8,8,6.50,0.00,1.00,10.00
4.88,960,4.62,6,8,15.25,0.00,1.00,23.08
0.00,600,3.8,6,8,12.75,0.00,1.00,13.75
0.00,778,6.91,28,38,19.25,0.00,0.00,19.25
0.00,827,7.33,8,77,20.25,0.00,0.00,20.25
0.00,195,0.26,8,8,4.25,0.00,2.00,6.25
0.00,546,1.35,28,8,7.50,0.00,1.00,8.50
0.00,540,0.3,8,8,5.75,0.00,2.00,7.75
0.00,1387,14.33,32,,36.00,0.00,0.00,36.00
0.00,974,1.61,7,8,9.50,0.00,1.00,10.50
0.00,173,0.44,8,8,4.25,0.00,0.00,4.25
0.00,375,2.47,77,3,9.25,0.00,0.00,9.25
0.00,586,0.55,8,8,6.50,0.00,1.00,7.50
3.80,1716,4.05,8,33,17.50,0.00,1.00,22.80
2.00,341,1.28,7,6,6.50,0.00,1.00,10.00
4.00,881,1.38,8,8,9.25,0.00,1.50,15.25
0.00,673,2.6,8,28,10.00,0.00,0.00,10.00
1.00,540,2.5,6,4,9.50,0.00,0.00,11.00
0.00,573,1.02,8,8,7.00,0.00,0.00,7.00
0.00,1653,2.86,7,8,14.75,0.00,0.00,14.75
0.00,940,1.28,32,32,9.25,0.00,0.00,9.25
0.00,497,1.72,7,8,8.00,0.00,1.00,9.00
2.00,866,4.84,8,6,15.25,0.00,2.00,19.75
0.00,1740,1.6,32,8,14.00,0.00,1.00,15.00
1.00,308,0.67,8,8,5.25,0.00,1.00,7.75
0.00,1445,4.92,6,19,18.00,0.00,0.00,18.00
0.00,664,3.29,3,6,11.25,0.00,0.00,11.25
0.00,960,7,6,33,20.00,0.00,0.00,20.00
5.94,1243,7.5,3,32,22.25,0.00,1.00,29.69
0.00,169,0.46,24,8,4.50,0.00,1.00,5.50
0.00,2014,2.69,32,8,16.25,0.00,1.00,17.25
0.00,49,0,2,2,3.25,0.00,0.00,3.25
0.00,928,4.24,22,15,13.25,0.00,0.00,13.25
0.00,986,7.1,8,3,20.25,0.00,0.00,20.25
2.00,475,0.38,8,8,5.75,0.00,0.00,8.25
0.00,240,0.7,8,8,5.25,0.00,0.00,5.25
0.00,1603,0,7,,0.00,0.00,0.00,0.00
3.00,502,1.4,8,8,7.00,0.00,1.00,11.50
0.00,1695,5.93,6,32,19.50,0.00,1.00,20.50
0.00,354,1.3,7,6,6.50,0.00,0.00,6.50
0.00,540,0.6,8,8,6.50,0.00,1.50,8.00
0.00,1913,16.2,56,21,40.50,0.00,5.00,45.50
3.00,600,2.1,8,8,8.75,0.00,0.00,12.25
2.00,660,1.49,32,33,8.25,0.00,2.00,12.75
0.00,1464,6.63,6,28,6.00,0.00,0.00,6.00
4.00,1414,2.15,8,32,10.75,0.00,1.00,16.25
0.00,535,1.78,24,8,8.00,0.00,1.50,9.50
0.00,780,3,28,8,11.75,0.00,0.00,11.75
0.00,900,2.9,7,8,12.00,0.00,1.00,13.00
3.00,563,1.04,28,32,6.00,0.00,0.50,10.00
4.00,720,1.5,8,32,8.75,0.00,0.00,13.25
5.78,2039,3.14,32,8,17.25,0.00,1.50,25.03
3.98,913,3.66,8,28,12.75,0.00,0.00,17.23
0.00,300,0.9,8,8,6.00,0.00,1.00,7.00
2.00,120,0.5,8,8,4.50,0.00,0.00,7.00
14.00,1300,6.15,6,32,19.50,0.00,1.50,35.50
0.00,459,0.48,3,3,6.00,0.00,0.00,6.00
2.00,435,0.63,8,8,6.00,0.00,1.00,9.50
0.00,845,0.62,8,8,8.00,0.00,0.00,8.00
0.00,585,1.23,32,32,7.75,0.00,2.00,9.75
0.00,348,0.55,8,8,5.50,0.00,1.00,6.50
0.00,463,0.61,8,8,6.00,0.00,1.00,7.00
0.00,247,0.46,8,8,5.00,0.00,1.00,6.00
0.00,851,4.2,77,6,13.75,0.00,1.00,14.75
0.00,840,2.7,32,24,10.75,0.00,0.00,10.75
0.00,470,2,7,8,8.25,0.00,1.00,9.25
0.00,408,0.57,8,8,6.00,0.00,0.00,6.00
2.00,584,1.29,8,8,7.75,0.00,0.00,10.25
0.00,1250,8.66,8,14,23.75,0.00,1.50,25.25
0.00,499,0.47,28,28,4.25,0.00,0.00,4.25
0.00,385,0.6,8,8,5.25,0.00,0.00,5.25
4.85,1659,7.86,8,4,23.75,0.00,0.00,29.10
0.00,913,3.6,24,31,13.00,0.00,1.00,14.00
0.00,868,0.55,8,8,8.00,0.00,0.00,8.00
0.00,179,0.3,8,8,4.00,0.00,2.50,6.50
0.00,602,0.7,8,8,6.50,0.00,0.00,6.50
0.00,1216,6.95,8,3,20.25,0.00,0.00,20.25
2.00,960,3.6,8,7,13.00,0.00,1.00,16.50
2.00,237,0.45,8,8,4.75,0.00,0.00,7.25
0.00,642,1.9,32,28,8.75,0.00,1.00,9.75
0.00,1111,3.5,8,8,13.25,0.00,1.00,14.25
0.00,1860,2.77,7,32,16.50,0.00,1.00,17.50
0.00,22,0,28,28,3.25,0.00,2.00,5.25
0.00,478,0.7,32,32,6.25,0.00,0.00,6.25
0.00,193,0.4,12,12,4.50,0.00,0.00,4.50
0.00,660,2.3,1,3,9.25,0.00,0.00,9.25
0.00,191,1.04,32,33,5.50,0.00,2.00,7.50
0.00,1640,7.17,28,6,22.25,0.00,0.00,22.25
0.00,467,0.5,8,8,5.75,0.00,1.00,6.75
2.00,502,0.34,8,8,6.00,0.00,0.00,8.50
0.00,527,0.66,32,28,6.50,0.00,0.00,6.50
2.00,625,2.2,8,7,9.00,0.00,1.00,12.50
2.00,751,1.27,8,8,8.00,0.00,1.00,11.50
0.00,1182,2.4,8,32,12.00,0.00,1.00,13.00
0.00,892,1.6,8,28,9.75,0.00,0.00,9.75
2.29,1163,3.64,6,8,13.75,0.00,1.00,17.54
0.00,138,0.02,8,8,3.75,0.00,1.00,4.75
2.00,335,0.98,6,6,6.00,0.00,1.00,9.50
0.00,168,0.3,77,77,4.25,0.00,0.00,4.25
0.00,240,0.7,32,32,5.25,0.00,3.00,8.25
2.00,913,2.48,8,24,10.75,0.00,0.00,13.25
4.56,781,5.4,22,8,16.75,0.00,1.00,22.81
0.00,307,0.6,8,8,5.25,0.00,1.00,6.25
0.00,209,0.81,28,28,5.25,0.00,2.00,7.25
0.00,290,0.57,8,8,5.25,0.00,1.50,6.75
0.00,2100,3.4,8,28,17.75,0.00,1.00,18.75
3.00,807,5.28,8,22,16.25,0.00,1.00,20.75
0.00,1620,1.8,8,32,13.50,0.00,0.00,14.00
0.00,38,0.03,5,5,3.25,0.00,0.00,3.25
0.00,853,2.87,8,24,11.25,0.00,1.00,12.25
0.00,869,1.86,8,28,9.75,0.00,1.00,10.75
0.00,2517,4.33,8,33,21.50,0.00,1.00,22.50
4.00,360,0.7,8,8,5.75,0.00,1.00,11.25
0.00,860,3.45,3,7,12.75,0.00,2.00,14.75
0.00,2688,3.24,32,8,11.50,0.00,0.50,12.00
0.00,1929,2.2,8,32,15.25,0.00,0.00,15.25
0.00,1384,12.23,76,4,31.50,0.00,5.00,36.50
3.00,311,0.78,7,7,5.75,0.00,1.00,10.25
3.08,1247,6.9,8,3,20.00,0.00,0.00,23.58
0.00,1860,14.7,76,1,37.25,0.00,5.00,42.25
0.00,777,2.78,7,28,11.00,0.00,1.00,12.00
2.00,756,1.7,32,32,8.75,0.00,0.00,11.25
0.00,1140,5.3,6,14,17.00,0.00,0.00,17.00
0.00,502,0.66,8,8,6.25,0.00,2.00,8.25
10.00,246,0.54,8,8,4.75,0.00,1.00,16.25
5.00,1432,12.23,76,4,31.50,0.00,5.00,42.00
0.00,423,1.4,8,7,7.00,0.00,1.00,8.00
10.00,927,7.85,8,77,21.50,0.00,0.00,32.00
0.00,258,0,8,8,4.50,0.00,1.00,5.50
0.00,360,0.4,8,8,5.25,0.00,0.00,5.75
4.00,368,1.3,8,8,6.75,0.00,1.00,12.25
3.00,493,2.75,8,7,9.75,0.00,0.00,13.25
0.00,900,1.4,32,32,9.00,0.00,0.00,9.00
0.00,1158,0.63,8,8,9.75,0.00,1.00,10.75
3.00,1560,0.6,32,32,12.00,0.00,0.00,15.50
0.00,1418,7.99,32,3,22.75,0.00,1.00,23.75
0.00,4,0,8,8,3.25,0.00,0.00,3.25
2.00,594,4.19,6,8,13.00,0.00,1.50,17.00
0.00,196,0.26,8,8,4.25,0.00,1.00,5.25
0.00,203,0.8,32,32,5.25,0.00,1.50,6.75
3.70,1232,4.8,8,6,17.00,0.00,1.00,22.20
2.60,705,2.78,8,24,11.00,0.00,1.50,15.60
3.00,360,1.1,6,6,6.25,0.00,1.00,10.75
0.00,600,1.9,7,24,8.50,0.00,1.00,9.50
0.00,90,0.27,8,8,3.75,0.00,1.00,4.75
0.00,780,2.88,7,7,11.00,0.00,1.00,12.00
0.00,2746,3.53,32,32,21.25,0.00,2.00,23.25
3.00,486,2.02,24,7,8.50,0.00,0.00,12.00
0.00,1885,1.5,28,32,14.50,0.00,2.00,16.50
0.00,1131,1.73,8,8,11.00,0.00,1.50,12.50
0.00,790,1.11,32,32,8.25,0.00,0.00,8.25
2.00,317,0.48,8,8,5.00,0.00,1.00,8.50
2.65,720,3.8,6,8,12.75,0.00,0.00,15.90
1.20,635,0.74,8,8,7.00,0.00,1.00,9.20
0.00,1620,1.3,8,32,12.50,0.00,1.00,13.50
0.00,391,1.18,32,32,6.75,0.00,0.00,6.75
0.00,1500,7.1,6,19,21.00,0.00,1.00,22.00
6.00,581,2.16,6,5,8.75,0.00,1.50,16.75
4.70,1792,6.08,6,28,21.00,0.00,2.00,28.20
2.00,206,0.5,8,8,4.50,0.00,0.00,7.00
0.00,490,1.25,6,7,7.00,0.00,1.00,8.00
2.00,525,1.52,32,32,7.75,0.00,0.00,10.25
0.00,670,5.14,8,6,15.25,0.00,1.00,16.25
0.00,1803,3.19,32,8,15.50,0.00,1.00,16.50
0.00,259,0.55,7,8,4.75,0.00,2.50,7.25
0.00,989,1.6,8,8,9.75,0.00,1.00,10.75
0.00,601,1.53,32,32,8.25,0.00,0.00,8.25
4.10,1680,2.5,7,28,18.50,0.00,1.50,24.60
5.50,1588,6.75,33,3,20.50,0.00,1.00,27.50
0.00,482,0.41,8,8,6.00,0.00,0.00,6.00
0.00,1159,1.32,8,8,10.25,0.00,2.00,12.25
1.00,990,3.41,8,28,13.25,0.00,0.00,14.75
0.00,449,0.67,8,8,6.25,0.00,1.00,7.25
0.00,213,0.81,3,3,5.25,0.00,0.00,5.25
0.00,844,1.37,28,8,9.00,0.00,2.00,11.00
0.00,420,1,32,32,6.25,0.00,0.00,6.25
2.00,834,1.71,28,8,9.50,0.00,1.00,13.00
4.00,330,1.09,6,5,6.00,0.00,1.00,11.50
0.00,568,1.39,8,8,7.75,0.00,2.50,10.75
0.00,1200,1.5,8,32,11.00,0.00,1.00,12.00
1.00,265,0.8,8,32,5.50,0.00,0.00,7.00
0.00,860,8.45,32,30,22.50,0.00,0.00,22.50
0.00,564,0.43,8,8,6.50,0.00,0.00,6.50
3.25,1755,2.37,32,8,14.75,0.00,1.00,19.50
0.00,2087,1.9,8,32,15.50,0.00,1.50,17.00
0.00,938,1.8,28,8,10.00,,0.00,10.00
0.00,2391,15.5,8,,43.25,,1.00,44.25
0.00,428,0.8,8,8,6.25,,1.00,7.25
0.00,864,1.9,7,22,10.25,,1.50,11.75
0.00,620,0.6,8,8,7.00,,2.00,9.00
2.80,611,4.6,8,6,14.00,,0.00,16.80
7.15,1255,12.1,76,5,31.75,,4.00,42.90
0.00,615,1.5,8,8,8.25,,2.00,10.25
3.00,963,1.7,8,28,9.75,,0.00,12.75
0.00,1851,7.8,8,4,25.50,,0.00,25.50
0.00,340,0.3,8,8,5.25,,1.00,6.25
2.81,940,2,8,24,10.25,,1.00,14.06
0.00,236,0.5,8,8,4.75,,1.00,5.75
3.56,1563,2.4,8,33,14.25,,0.00,17.81
2.00,546,2.1,7,6,8.75,,0.00,10.75
2.00,364,0.7,8,8,5.75,,0.50,8.25
0.00,661,1.3,8,8,8.00,,1.00,9.00
0.00,1402,15.9,67,16,40.00,,0.00,40.00
0.00,734,3.6,20,14,12.25,,0.00,12.25
0.00,1074,3.4,7,22,12.50,,0.00,12.50
0.00,10,0,32,32,3.25,,0.00,3.25
0.00,488,1.9,8,8,8.25,,1.00,9.25
3.00,627,1.8,8,28,8.50,,0.00,11.50
0.00,313,1.3,7,7,6.25,,2.00,8.25
0.00,666,2.3,8,32,10.00,,0.00,10.00
0.00,1219,4.9,7,32,16.75,,1.00,17.75
0.00,722,0.6,8,8,7.50,,1.00,8.50
0.00,453,1.8,77,5,7.75,,0.00,7.75
0.00,723,5.6,8,3,16.25,,0.00,16.25
0.00,521,3.6,32,28,12.00,,0.00,12.00
0.00,1380,1.4,8,8,11.25,,1.00,12.25
1.00,531,0.7,8,8,6.50,,1.50,9.00
0.00,389,1.9,7,8,8.00,,1.00,9.00
0.00,293,0.7,8,8,5.50,,0.00,5.50
5.48,995,6.1,8,6,18.25,,0.00,23.73
1.00,600,3.8,8,6,12.50,,0.00,13.50
0.00,1402,5.5,6,32,18.75,,0.00,18.75
0.00,970,0.4,8,8,8.50,,1.00,9.50
0.00,606,0.9,8,8,7.00,,1.00,8.00
7.38,1047,11.1,28,12,28.50,,1.00,36.88
0.00,489,0.8,8,8,6.25,,1.50,7.75
0.00,732,2.7,32,7,10.50,,1.00,11.50
0.00,875,2.8,35,33,12.00,,1.00,13.00
0.00,347,1.2,6,6,6.75,,1.50,8.25
0.00,713,3.7,2,14,12.50,,0.00,12.50
3.15,2048,1.3,8,8,14.75,,1.00,18.90
0.00,1106,7.3,8,16,21.50,,1.00,22.50
0.00,192,0.3,8,8,4.50,,1.00,5.50
0.00,629,1.7,28,8,8.50,,1.00,9.50
0.00,781,3.2,6,24,11.75,,0.00,11.75
0.00,184,0.6,8,8,4.75,,1.00,5.75
0.00,285,0.5,8,8,5.00,,1.50,6.50
2.00,86,0.3,8,8,4.00,,2.00,8.00
0.00,241,1,7,6,5.50,,1.00,6.50
0.00,1106,3.4,6,8,13.50,,1.00,14.50
0.00,781,3.4,7,32,12.75,,1.00,13.75
0.00,555,1.5,8,24,7.75,,0.00,7.75
0.00,814,7,33,33,19.75,,0.00,19.75
0.00,384,1.5,24,7,7.25,,1.50,8.75
0.00,1569,7.2,32,41,23.00,,0.00,23.00
0.00,926,3.4,6,22,12.50,,1.00,13.50
3.00,1402,6.1,6,8,19.50,,1.00,23.50
0.00,222,0.8,8,8,5.25,,1.00,6.25
0.00,441,2.6,24,28,9.50,,0.00,9.50
4.20,1136,3.4,77,,14.00,,0.00,18.20
0.00,118,0.3,8,8,4.00,,0.00,4.00
4.00,1644,5.3,8,31,20.00,,0.00,24.00
0.00,901,4,22,7,13.75,,0.00,13.75
0.00,20,0,8,8,3.25,,0.00,3.25
0.00,75,0.1,8,8,4.00,,0.00,4.00
0.00,8,0,28,28,3.25,,0.00,3.25
3.00,295,1,8,24,5.75,,0.00,8.75
0.00,660,0.5,,,7.25,0.00,1.00,8.25
0.00,360,0.6,,,5.75,0.00,1.00,6.75
2.00,120,0.6,,,4.50,0.00,0.00,6.50
0.00,1080,2.6,,,11.75,0.00,0.00,11.75
0.00,120,0,,,3.75,0.00,0.00,3.75
2.00,360,1.9,28,8,7.50,0.00,1.00,10.50
0.00,60,0,32,32,3.25,0.00,1.00,4.25
0.00,960,0,8,5,16.25,0.00,0.00,16.25
0.00,600,0,8,8,6.25,0.00,1.00,7.25
0.00,660,5.8,8,3,16.50,0.00,0.00,16.50
0.00,180,0.3,8,8,4.50,0.00,0.00,4.50
0.00,360,0,32,32,5.50,0.00,1.00,6.50
3.05,720,0.1,7,8,9.25,0.00,1.00,13.30
0.00,240,0,8,8,4.75,0.00,0.00,4.75
0.00,2160,0.3,32,6,23.75,0.00,1.00,24.75
0.00,540,1,8,8,7.00,0.00,1.00,8.00
0.00,360,0,8,8,5.75,0.00,2.00,7.75
0.00,780,0.1,8,24,9.00,0.00,0.00,9.00
0.00,960,2.9,6,22,16.25,0.00,0.00,16.25
0.00,0,0,8,8,3.25,0.00,1.50,4.75
0.00,720,0,8,8,7.75,0.00,1.00,8.75
0.00,420,0.9,8,8,6.25,0.00,1.00,7.25
0.00,420,2,8,24,8.25,0.00,1.00,9.25
0.00,240,0,28,28,4.50,0.00,2.00,6.50
2.15,660,0,8,24,9.25,0.00,1.50,12.90
0.00,300,0,1,2,5.75,0.00,0.00,5.75
0.00,1920,2.7,32,8,15.75,0.00,0.00,15.75
0.00,120,0.7,28,28,5.00,0.00,0.00,5.00
0.00,1620,0.6,32,28,30.50,0.00,2.00,32.50
0.00,360,1.1,77,77,6.50,0.00,0.00,6.50
0.00,360,0,32,32,6.00,0.00,1.00,7.00
0.00,240,1.3,8,8,6.50,0.00,2.00,8.50
0.00,0,0,8,8,35.00,0.00,0.00,35.00
0.00,480,0,6,6,6.75,0.00,1.00,7.75
0.00,180,0.6,32,32,4.75,0.00,1.00,5.75
0.00,600,0.6,8,8,7.00,0.00,1.50,8.50
0.00,3180,1.3,8,8,21.00,0.00,1.50,22.50
0.00,180,0.3,32,32,4.25,0.00,2.00,6.25
0.00,240,1.1,8,8,5.75,0.00,0.00,5.75
2.00,540,0.8,8,8,6.75,0.00,1.00,9.75
0.00,600,1.4,8,8,7.50,0.00,2.00,9.50
0.00,360,0.8,8,8,5.50,0.00,2.00,7.50
0.00,300,0.4,8,8,5.00,0.00,1.00,6.00
0.00,3120,0.2,8,32,23.00,0.00,0.00,23.00
0.00,2280,4.9,7,6,21.25,0.00,2.00,23.25
2.00,480,2.8,8,28,10.00,0.00,0.00,12.00
0.00,960,5.7,32,22,20.00,0.00,0.00,20.00
6.65,2700,3.8,32,8,21.25,0.00,1.00,28.90
0.00,1020,0,8,4,20.75,0.00,2.00,22.75
0.00,960,9.8,13,,20.25,0.00,0.00,20.25
0.00,420,0.4,8,8,5.75,0.00,1.00,6.75
0.00,360,0,8,8,5.00,0.00,2.00,7.00
2.15,600,0,28,33,9.75,0.00,1.00,12.90
3.00,1440,6.5,8,6,20.00,0.00,2.00,25.00
6.00,0,0,8,8,20.00,0.00,0.00,26.00
8.95,1140,16.7,76,24,39.75,0.00,5.00,53.70
0.00,540,0,28,32,8.00,0.00,0.00,8.00
0.00,1380,0,32,24,17.50,0.00,0.00,17.50
0.00,1620,13.8,42,23,35.00,0.00,0.00,35.00
0.00,360,1.1,8,8,6.50,0.00,2.00,8.50
0.00,480,0,8,7,7.00,0.00,1.00,8.00
1.00,240,0.2,8,8,4.75,0.00,1.00,6.75
0.00,540,0,8,8,7.00,0.00,0.00,7.00
0.00,60,0.2,19,19,3.75,0.00,0.00,3.75
2.60,900,0.1,7,8,12.00,0.00,1.00,15.60
0.00,420,0.7,32,32,6.00,0.00,0.00,6.00
0.00,1380,1.6,28,8,12.25,0.00,1.50,13.75
0.00,60,0,8,8,3.75,0.00,1.00,4.75
4.00,960,1.9,32,33,12.00,0.00,0.00,16.00
0.00,840,3.5,8,7,12.50,0.00,2.00,14.50
0.00,1920,0,8,8,14.00,0.00,0.00,14.00
0.00,180,0.4,7,7,4.50,0.00,2.00,6.50
0.00,240,0,6,6,4.75,0.00,0.00,4.75
0.00,1260,10.6,8,15,28.25,0.00,0.00,28.25
0.00,780,5,6,8,15.50,0.00,0.00,15.50
8.90,3780,0.3,7,32,29.75,0.00,0.00,38.65
0.00,900,0,32,8,9.25,0.00,0.00,9.25
0.00,540,0,7,8,10.50,0.00,1.00,11.50
0.00,360,1,8,8,6.50,0.00,1.00,7.50
0.00,1320,0.3,8,38,20.50,0.00,1.00,21.50
0.00,2100,2.6,32,8,18.00,0.00,0.00,18.00
0.00,360,1.3,6,3,7.00,0.00,0.00,7.00
0.00,1140,8.8,20,28,24.25,0.00,1.00,25.25
2.00,2700,6.1,8,32,25.50,0.00,1.00,28.50
0.00,780,0,24,59,15.25,0.00,1.00,16.25
0.00,0,0,21,21,3.25,0.00,0.00,3.25
0.00,840,8.7,28,14,23.25,0.00,0.00,23.25
0.00,480,0.1,8,8,8.00,0.00,1.50,9.50
0.00,540,0.7,8,8,6.75,0.00,1.00,7.75
2.00,480,1.7,8,24,7.75,0.00,0.00,9.75
0.00,300,0,28,28,6.00,0.00,2.00,8.00
0.00,480,0,8,8,7.50,0.00,1.00,8.50
0.00,840,3.8,28,33,13.25,0.00,2.00,15.25
4.05,960,7,33,6,19.25,0.00,1.00,24.30
1.00,600,0,8,28,8.25,0.00,0.00,9.25
0.00,1320,4.1,8,35,16.00,0.00,0.00,16.00
0.00,540,0.7,8,8,3.25,0.00,0.00,3.25
0.00,300,0,8,8,5.00,0.00,0.00,5.00
0.00,660,1.7,28,32,9.25,0.00,1.00,10.25
5.05,1740,7.8,28,3,25.25,0.00,0.00,30.30
0.00,360,0,6,77,9.50,0.00,0.00,9.50
0.00,120,0.5,6,6,4.50,0.00,1.00,5.50
30.00,1020,5.7,32,22,17.50,0.00,0.00,47.50
0.00,660,0.1,7,8,8.75,0.00,1.00,9.75
3.00,840,0.5,8,8,8.00,0.00,1.00,12.00
2.00,180,0,8,8,4.75,0.00,0.00,6.75
0.00,660,0,8,8,7.50,0.00,1.50,9.00
0.00,1200,0.5,32,77,24.25,0.00,0.00,24.25
0.00,360,0,8,8,5.75,0.00,0.00,5.75
0.00,840,3.7,8,6,13.00,0.00,0.00,13.00
0.00,420,0,8,28,7.00,0.00,1.00,8.00
4.00,660,2,28,32,8.50,0.00,1.00,13.50
0.00,180,0.3,8,8,4.50,0.00,0.00,4.50
4.00,660,0.4,8,8,7.00,0.00,1.00,12.00
3.00,0,0,32,32,3.25,0.00,17.00,23.25
0.00,660,0,28,31,12.00,0.00,0.00,12.00
1.50,360,1,8,24,6.25,0.00,1.00,8.75
0.00,1440,0.5,1,7,24.50,0.00,0.00,24.50
0.00,1140,0,32,32,10.00,0.00,2.50,12.50
0.00,240,0,11,15,5.25,0.00,0.00,5.25
0.00,1800,1.7,32,6,21.75,0.00,1.50,23.25
2.00,180,0.8,7,7,5.00,0.00,0.00,7.00
0.00,240,0.6,8,8,4.75,0.00,0.00,4.75
0.00,780,0,8,8,8.50,0.00,2.00,10.50
0.00,420,0,32,32,6.50,0.00,2.00,8.50
0.00,480,0.2,8,6,13.50,0.00,0.00,13.50
0.00,3480,0,8,28,30.50,0.00,1.00,31.50
0.00,540,2.1,77,1,8.75,0.00,0.00,8.75
0.00,1260,1.7,8,8,11.25,0.00,0.00,11.25
0.00,240,0,77,4,6.25,0.00,0.00,6.25
0.00,300,0.9,32,32,5.75,0.00,1.00,6.75
0.00,780,0.8,8,8,8.00,0.00,2.00,10.00
0.00,360,1.1,8,8,6.25,0.00,2.00,8.25
1.75,660,4,8,6,13.25,0.00,0.00,15.00
0.00,120,0.3,8,8,4.00,0.00,1.00,5.00
4.95,1140,0,1,8,23.75,0.00,1.00,29.70
0.00,420,0,8,8,6.75,0.00,0.00,6.75
0.00,0,0,8,8,3.25,0.00,0.00,3.25
0.00,780,2.9,8,24,11.25,0.00,1.00,12.25
0.00,420,0,8,8,5.50,0.00,1.00,6.50
0.00,240,0,8,8,5.25,0.00,0.00,5.25
0.00,3840,15.1,77,77,47.25,0.00,0.00,47.25
0.00,780,3.9,8,24,13.00,0.00,1.00,14.00
0.00,240,0.5,8,8,4.75,0.00,1.00,5.75
3.85,840,6.4,8,77,18.25,0.00,1.00,23.10
2.00,180,0.5,8,8,4.50,0.00,0.00,6.50
0.00,426,1.63,,,7.25,0.00,2.00,9.25
2.89,1115,6.19,,,18.75,0.00,0.00,22.14
2.00,252,0.57,,,5.00,0.00,1.00,8.50
0.00,1054,4.27,,,14.00,0.00,1.00,15.00
0.00,420,1.2,,,7.00,0.00,0.00,7.50
0.00,1620,4.6,,,17.75,0.00,1.50,19.25
0.00,960,0.7,,,8.75,0.00,2.00,10.75
0.00,420,1.9,,,8.00,0.00,1.00,9.00
0.00,605,2.83,,,10.00,0.00,1.00,11.00
